{
  "rmse": 0.12480107139518572,
  "mae": 0.10678856074810028,
  "epoch": 3
}